config,original_time,optimized_time,speedup,original_memory,optimized_memory,memory_reduction
1艇x50ポイント,0.022629737854003906,0.03643512725830078,0.6210967150896479,0.07041676839192708,0.07530403137207031,-0.06940481779768137
2艇x50ポイント,0.0329289436340332,0.02774667739868164,1.1867706954922752,0.09949366251627605,0.08154042561848958,0.18044603489040845
1艇x100ポイント,0.03069440523783366,0.021195014317830402,1.4481898798252686,0.10901165008544922,0.08060201009114583,0.26061104452629036
2艇x100ポイント,0.06350938479105632,0.10096398989359538,0.6290300616882121,0.2003936767578125,0.15384610493977866,0.23228064164065076
3艇x100ポイント,0.08416628837585449,0.05967235565185547,1.4104737018746705,0.2958498001098633,0.22722625732421875,0.2319539940880856
