{
  "timestamp": "2025-04-10T15:32:14.754189",
  "data_points": 5000,
  "iterations": 2,
  "wind_estimation": {
    "size": 5000,
    "iterations": 2,
    "by_boat_type": {
      "default": {
        "avg_time": 0.15892457962036133,
        "min_time": 0.15370893478393555,
        "max_time": 0.1641402244567871,
        "avg_memory": 0.998046875
      },
      "laser": {
        "avg_time": 0.1318647861480713,
        "min_time": 0.12445282936096191,
        "max_time": 0.13927674293518066,
        "avg_memory": 0.068359375
      },
      "49er": {
        "avg_time": 0.12520349025726318,
        "min_time": 0.12083601951599121,
        "max_time": 0.12957096099853516,
        "avg_memory": 0.091796875
      },
      "470": {
        "avg_time": 0.12349271774291992,
        "min_time": 0.12169814109802246,
        "max_time": 0.12528729438781738,
        "avg_memory": 0.05859375
      }
    },
    "overall": {
      "avg_time": 0.13487139344215393,
      "avg_memory": 0.30419921875
    }
  },
  "size_benchmark": [
    {
      "size": 1000,
      "time": 0.10396552085876465,
      "memory": 0.06640625
    },
    {
      "size": 2500,
      "time": 0.11842989921569824,
      "memory": 0.140625
    },
    {
      "size": 5000,
      "time": 0.11840760707855225,
      "memory": 0.33203125
    },
    {
      "size": 10000,
      "time": 0.14379584789276123,
      "memory": 1.1875
    }
  ]
}