{
  "timestamp": "2025-04-11T09:47:33.183338",
  "data_points": 200000,
  "iterations": 3,
  "wind_estimation": {
    "size": 200000,
    "iterations": 3,
    "times": [
      1.7706539630889893,
      3.0078039169311523,
      1.1235120296478271
    ],
    "memory": [
      40.03515625,
      16.9453125,
      16.9375
    ],
    "avg_time": 1.9673233032226562,
    "min_time": 1.1235120296478271,
    "max_time": 3.0078039169311523,
    "avg_memory": 24.639322916666668
  }
}