{
  "timestamp": "2025-04-10T15:28:05.758184",
  "data_points": 20000,
  "iterations": 1,
  "wind_estimation": {
    "data_points": 20000,
    "iterations": 1,
    "by_boat_type": {
      "default": {
        "avg_time": 0.23577499389648438,
        "min_time": 0.23577499389648438,
        "max_time": 0.23577499389648438,
        "avg_memory": 5.34765625
      },
      "laser": {
        "avg_time": 0.20949673652648926,
        "min_time": 0.20949673652648926,
        "max_time": 0.20949673652648926,
        "avg_memory": 1.80859375
      },
      "49er": {
        "avg_time": 0.2151498794555664,
        "min_time": 0.2151498794555664,
        "max_time": 0.2151498794555664,
        "avg_memory": 0.61328125
      },
      "470": {
        "avg_time": 0.22547507286071777,
        "min_time": 0.22547507286071777,
        "max_time": 0.22547507286071777,
        "avg_memory": 2.0078125
      }
    },
    "overall": {
      "avg_time": 0.22147417068481445,
      "avg_memory": 2.4443359375
    }
  }
}